Workbook

Sheet Usuarios
A1: ID | B1: Tanda | C1: Profesión | D1: Edad | E1: Genero | F1: Pericia Informática
A2: 1 | B2: 1 | C2: Estudiante - Ing. Infor | D2: 23 | E2: Femenino | F2: 10
A3: 2 | B3: 1 | C3: Estudiante - Enfermeria | D3: 19 | E3: Femenino | F3: 6
A4: 3 | B4: 1 | C4: Conductor Autobus | D4: 61 | E4: Masculino | F4: 3
A5: 4 | B5: 1 | C5: Teleoperadora | D5: 54 | E5: Femenino | F5: 7
A6: 5 | B6: 2 | C6: Estudiante - Instalaciones Electricas | D6: 23 | E6: Masculino | F6: 7
A7: 6 | B7: 2 | C7: Estudiante - Construcciones Metalicas | D7: 22 | E7: Masculino | F7: 6
A8: 7 | B8: 2 | C8: Paro - Grado Sup. Infor | D8: 28 | E8: Masculino | F8: 10
A9: 8 | B9: 2 | C9: Carpintero | D9: 30 | E9: Masculino | F9: 7
A10: 9 | B10: 3 | C10: Camarera | D10: 23 | E10: Femenino | F10: 4
A11: 10 | B11: 3 | C11: Estudiante - Ing. Computación | D11: 21 | E11: Masculino | F11: 10
A12: 11 | B12: 3 | C12: Militar | D12: 24 | E12: Masculino | F12: 6
A13: 12 | B13: 3 | C13: Estudiante - Anatomia y Laboratorio | D13: 20 | E13: Femenino | F13: 5

Sheet Test
A1: ID Usuario | B1: Dispositivo | C1: Ejercicio 1 - Tiempo (s) | D1: Ejercicio 1 - Puntuación | E1: Ejercici 2 - Tiempo (s) | F1: Ejercicio 3 - Tiempo (s) | G1: Comentarios del usuario | H1: Propuesta de mejora | I1: Valoración del usuario
A2: 1 | B2: Movil | C2: 135 | D2: 10 | E2: 14 | F2: 57 | G2: La parte de rutas es enorme y el tema de reservas se ve algo mal. | H2: La tabla de la gastronimia, que parezca una tabla de verdad. Ordenar la información de las rutas para que sea más visible. Ser más claro con los botones del registro, queda raro un texto con enlace. | I2: 6
A3: 2 | B3: Movil | C3: 195 | D3: 9 | E3: 33 | F3: 446 | G3: Fácil e intuitiva, aunque la parte de las rutas es algo densa. | H3: Pondría que se despliegue un índice o algo similar en algunos apartados como el de "rutas" para encontrar más fácil la información. Indicaría con instrucciones o similar el apartado de reserva. | I3: 5
A4: 3 | B4: Tablet | C4: 480 | D4: 7 | E4: 43 | F4: (Abandono) 117 | G4: Mucha información util y buena, pero muy dificil de encontrar teniendo que deslizar tanto para abajo | H4: Mostrar la información algo mejor estucturada. | I4: 5
A5: 4 | B5: Ordenador | C5: 216 | D5: 10 | E5: 28 | F5: 162 | G5: No es una pagina muy intuitiva. No sabes muy bien cuando has realizado una acción y cuando no. La búsqueda de información de las rutas es tedioso. | H5: Como mejora para las rutas, dejarlas por separado por enlaces. Que el registro te inicie la sesión. | I5: 6
A6: 5 | B6: Ordenador | C6: 354 | D6: 10 | E6: 20 | F6: 78 | G6: Pagina intuitiva, util y facil de buscar la información. | H6: No ve cambios de mejora | I6: 9
A7: 6 | B7: Tablet | C7: 220 | D7: 9 | E7: 92 | F7: 56 | G7: El color de la pagina no le convence del todo. | H7: Que el texto no sea tan plano, se nota mucho en las rutas. | I7: 8.5
A8: 7 | B8: Ordenador | C8: 100 | D8: 10 | E8: 7 | F8: 77 | G8: Se ve bien y se maneja sin problemas, lo unico que costó fue reservar una activcidad, que no me dejaba porque nio había plazas y no se notificaba bien. | H8: Mejorar la notificación de plazas agotadas o limitarla. Intentar cambiar un poco los colores, hay pocos y en rutas se vería mejor con más colores. | I8: 7
A9: 8 | B9: Tablet | C9: 285 | D9: 10 | E9: 72 | F9: 109 | G9: Lo unico que me costó saber fue que era un desplegable en la rutas | H9: Nada a mejorar | I9: 7.5
A10: 9 | B10: Movil | C10: 220 | D10: 10 | E10: 55 | F10: 91 | G10: Está conforme con la web, es facil e intuitiva, y se ven bien las cosas. | H10: Nada a mejorar | I10: 9
A11: 10 | B11: Tablet | C11: 164 | D11: 9 | E11: 15 | F11: 97 | G11: Facil y practica, pagina intuitiva, solamente que hay momentos en los que la pagina tiene el contenido muy pequeño. Lo colores no combinan. Está muy bien el tener la opcion de registrarse cuando estás dentro de los recursos para reservar, evitas pulsaciones innecesarias. | H11: Si una ruta tiene 0 plazas sigue apareciendo, evitar eso. Colores más bonitos de diseño. | I11: 8.5
A12: 11 | B12: Ordenador | C12: 339 | D12: 10 | E12: 39 | F12: 128 | G12: Es intuitiva y esta bien organizada, pero tiene un estilo visual algo simple y anticuado, propio de paginas web antiguas. | H12: Mejorar el diseño y poner las rutas en un desplegable del nav de rutas. | I12: 7
A13: 12 | B13: Tablet | C13: 307 | D13: 10 | E13: 16 | F13: 157 | G13: Se encuentra facil toda la información, está a la vista. | H13: El diseño podría mejorase, hacerlo más elegante y usar más colores pastel. | I13: 8

Sheet Analisis
A1: Tanda | B1: Tarea 1 | C1: Media aciertos | D1: Tarea 2 | E1: Tarea 3 | F1: Tiempo total medio | G1: Valoración media
A2: 1 | B2: =AVERAGE(Test!C2:C5) -> 256.5 | C2: =AVERAGE(Test!D2:D5) -> 9 | D2: =AVERAGE(Test!E2:E5) -> 29.5 | E2: =AVERAGE(Test!F2,Test!F3,Test!F5) -> 221.66667 | F2: =B2+D2+E2 -> 507.66667 | G2: =AVERAGE(Test!I2:I5) -> 5.5
A3: 2 | B3: =AVERAGE(Test!C6:C9) -> 239.75 | C3: =AVERAGE(Test!D6:D9) -> 9.75 | D3: =AVERAGE(Test!E6:E9) -> 47.75 | E3: =AVERAGE(Test!F6:F9) -> 80 | F3: =B3+D3+E3 -> 367.5 | G3: =AVERAGE(Test!I6:I9) -> 8
A4: 3 | B4: =AVERAGE(Test!C10:C13) -> 257.5 | C4: =AVERAGE(Test!D10:D13) -> 9.75 | D4: =AVERAGE(Test!E10:E13) -> 31.25 | E4: =AVERAGE(Test!F10:F13) -> 118.25 | F4: =B4+D4+E4 -> 407 | G4: =AVERAGE(Test!I10:I13) -> 8.125
A5: Global | B5: =AVERAGE(B2:B4) -> 251.25 | C5: =AVERAGE(C2:C4) -> 9.5 | D5: =AVERAGE(D2:D4) -> 36.166667 | E5: =AVERAGE(E2:E4) -> 139.97222 | F5: =B5+D5+E5 -> 427.38889 | G5: =AVERAGE(G2:G4) -> 7.2083333
A21: Tanda | B21: Programador - T1 | C21: Media Usuarios - T1 | D21: Similitud - T1 | E21: Programador - T2 | F21: Media Usuarios - T2 | G21: Similitud - T2 | H21: Programador - T3 | I21: Media Usuarios - T3 | J21: Similitud - T3 | K21: Programador - Total | L21: Media Usuarios - Total | M21: Similitud - Total
A22: 1 | B22: =Test!C2 -> 135 | C22: =AVERAGE(Test!C3,Test!C4,Test!C5) -> 297 | D22: =Tabla6[[#This Row],[Programador - T1]]/ Tabla6[[#This Row],[Media Usuarios - T1]] -> 0.45454545 | E22: =Test!E2 -> 14 | F22: =AVERAGE(Test!E3,Test!E4,Test!E5) -> 34.666667 | G22: =Tabla6[[#This Row],[Programador - T2]]/Tabla6[[#This Row],[Media Usuarios - T2]] -> 0.40384615 | H22: =Test!F2 -> 57 | I22: =AVERAGE(Test!F3,Test!F4,Test!F5) -> 304 | J22: =Tabla6[[#This Row],[Programador - T3]]/Tabla6[[#This Row],[Media Usuarios - T3]] -> 0.1875 | K22: =Tabla6[[#This Row],[Programador - T1]]+Tabla6[[#This Row],[Programador - T2]]+Tabla6[[#This Row],[Programador - T3]] -> 206 | L22: =Tabla6[[#This Row],[Media Usuarios - T1]]+Tabla6[[#This Row],[Media Usuarios - T2]]+Tabla6[[#This Row],[Media Usuarios - T3]] -> 635.66667 | M22: =Tabla6[[#This Row],[Programador - Total]]/Tabla6[[#This Row],[Media Usuarios - Total]] -> 0.32406922
A23: 2 | B23: =Test!C8 -> 100 | C23: =AVERAGE(Test!C6,Test!C7,Test!C9) -> 286.33333 | D23: =Tabla6[[#This Row],[Programador - T1]]/ Tabla6[[#This Row],[Media Usuarios - T1]] -> 0.34924331 | E23: =Test!E8 -> 7 | F23: =AVERAGE(Test!E6,Test!E7,Test!E9) -> 61.333333 | G23: =Tabla6[[#This Row],[Programador - T2]]/Tabla6[[#This Row],[Media Usuarios - T2]] -> 0.11413043 | H23: =Test!F8 -> 77 | I23: =AVERAGE(Test!F6,Test!F7,Test!F9) -> 81 | J23: =Tabla6[[#This Row],[Programador - T3]]/Tabla6[[#This Row],[Media Usuarios - T3]] -> 0.95061728 | K23: =Tabla6[[#This Row],[Programador - T1]]+Tabla6[[#This Row],[Programador - T2]]+Tabla6[[#This Row],[Programador - T3]] -> 184 | L23: =Tabla6[[#This Row],[Media Usuarios - T1]]+Tabla6[[#This Row],[Media Usuarios - T2]]+Tabla6[[#This Row],[Media Usuarios - T3]] -> 428.66667 | M23: =Tabla6[[#This Row],[Programador - Total]]/Tabla6[[#This Row],[Media Usuarios - Total]] -> 0.42923795
A24: 3 | B24: =Test!C11 -> 164 | C24: =AVERAGE(Test!C10,Test!C12,Test!C13) -> 288.66667 | D24: =Tabla6[[#This Row],[Programador - T1]]/ Tabla6[[#This Row],[Media Usuarios - T1]] -> 0.56812933 | E24: =Test!E11 -> 15 | F24: =AVERAGE(Test!E10,Test!E12,Test!E13) -> 36.666667 | G24: =Tabla6[[#This Row],[Programador - T2]]/Tabla6[[#This Row],[Media Usuarios - T2]] -> 0.40909091 | H24: =Test!F11 -> 97 | I24: =AVERAGE(Test!F10,Test!F12,Test!F13) -> 125.33333 | J24: =Tabla6[[#This Row],[Programador - T3]]/Tabla6[[#This Row],[Media Usuarios - T3]] -> 0.77393617 | K24: =Tabla6[[#This Row],[Programador - T1]]+Tabla6[[#This Row],[Programador - T2]]+Tabla6[[#This Row],[Programador - T3]] -> 276 | L24: =Tabla6[[#This Row],[Media Usuarios - T1]]+Tabla6[[#This Row],[Media Usuarios - T2]]+Tabla6[[#This Row],[Media Usuarios - T3]] -> 450.66667 | M24: =Tabla6[[#This Row],[Programador - Total]]/Tabla6[[#This Row],[Media Usuarios - Total]] -> 0.61242604
A25: Global | B25: =AVERAGE(B22:B24) -> 133 | C25: =AVERAGE(C22:C24) -> 290.66667 | D25: =Tabla6[[#This Row],[Programador - T1]]/ Tabla6[[#This Row],[Media Usuarios - T1]] -> 0.45756881 | E25: =AVERAGE(E22:E24) -> 12 | F25: =AVERAGE(F22:F24) -> 44.222222 | G25: =Tabla6[[#This Row],[Programador - T2]]/Tabla6[[#This Row],[Media Usuarios - T2]] -> 0.27135678 | H25: =AVERAGE(H22:H24) -> 77 | I25: =AVERAGE(I22:I24) -> 170.11111 | J25: =Tabla6[[#This Row],[Programador - T3]]/Tabla6[[#This Row],[Media Usuarios - T3]] -> 0.45264533 | K25: =AVERAGE(K22:K24) -> 222 | L25: =AVERAGE(L22:L24) -> 505 | M25: =Tabla6[[#This Row],[Programador - Total]]/Tabla6[[#This Row],[Media Usuarios - Total]] -> 0.43960396
A39: Tanda | B39: T1- Fem | C39: T1- Mas | D39: T2- Fem | E39: T2- Mas | F39: T3- Fem | G39: T3- Mas | H39: Total- Fem | I39: Total- Mas
A40: Global | B40: =AVERAGE(Test!C2,Test!C3,Test!C5,Test!C10,Test!C13) -> 214.6 | C40: =AVERAGE(Test!C4,Test!C6,Test!C7,Test!C8,Test!C9,Test!C11,Test!C12) -> 277.42857 | D40: =AVERAGE(Test!E2,Test!E3,Test!E5,Test!E10,Test!E13) -> 29.2 | E40: =AVERAGE(Test!E4,Test!E6,Test!E7,Test!E8,Test!E9,Test!E11,Test!E12) -> 41.142857 | F40: =AVERAGE(Test!E2,Test!F3,Test!F5,Test!F10,Test!F13) -> 174 | G40: =AVERAGE(Test!F4,Test!F6,Test!F7,Test!F8,Test!F9,Test!F11,Test!F12) -> 90.833333 | H40: =Tabla68[[#This Row],[T1- Fem]]+Tabla68[[#This Row],[T2- Fem]]+Tabla68[[#This Row],[T3- Fem]] -> 417.8 | I40: =Tabla68[[#This Row],[T1- Mas]]+Tabla68[[#This Row],[T2- Mas]]+Tabla68[[#This Row],[T3- Mas]] -> 409.40476
B41: {=IF(Tabla68[T1- Fem]/Tabla68[T1- Mas]>1,1-(Tabla68[T1- Mas]/Tabla68[T1- Fem]),1-(Tabla68[T1- Fem]/Tabla68[T1- Mas]))} -> 0.22646756 | D41: {=IF((Tabla68[T2- Fem]/Tabla68[T2- Mas])>1,1-(Tabla68[T2- Mas]/Tabla68[T2- Fem]),1-(Tabla68[T2- Fem]/Tabla68[T2- Mas]))} -> 0.29027778 | F41: {=IF((Tabla68[T3- Fem]/Tabla68[T3- Mas])>1,1-(Tabla68[T3- Mas]/Tabla68[T3- Fem]),1-(Tabla68[T3- Fem]/Tabla68[T3- Mas]))} -> 0.47796935 | H41: {=IF((Tabla68[Total- Fem]/Tabla68[Total- Mas])>=1,1-(Tabla68[Total- Mas]/Tabla68[Total- Fem]),1-(Tabla68[Total- Fem]/Tabla68[Total- Mas]))} -> 0.020093916
F43: Generos | G43: Usuarios | H43: Exitos | I43: Porcentajes Éxito
F44: Masculino | G44: 7 | H44: 6 | I44: =Tabla8[[#This Row],[Exitos]]/Tabla8[[#This Row],[Usuarios]] -> 0.85714286
F45: Femenino | G45: 5 | H45: 5 | I45: =Tabla8[[#This Row],[Exitos]]/Tabla8[[#This Row],[Usuarios]] -> 1

Sheet Observaciones
A1: ID Usuario | B1: Comentario
A2: 1 | B2: El usuario va poco a poco, y encuentra las cosas que se le piden sin mayor dificultad. Se atasca un poco en la parte de registro, pues intenta hacer una reserva sin estar registrado antes (Ver recursos > Inicio Sesión > Registro > Inicio Sesión > Ver Recursos > Reserva > Sus reservas). Son muchos pasos para una tarea que debería de ser más facil.
A3: 2 | B3: El usuario se peleó mucho buscando la información de los hitos de las rutas, por lo que contesto mal a la pregunta de la altura. El usuario tambíen tuvo problemas con la reserva, intentó iniciar sesión, luego se dio cuenta de que tenía que registrarse, fue a sus reservas, y finalmente fue a la parte de las Recursos turísticos, donde accecdió a la reserva de la actividad, consulto el presupuesto para 5 personas, y se le borrar el número, vuelve a consultar el presupuesto, y se le vuelve a borrar y no puedo confirmar reserva sin volver a meter el número. Encuentra bien en reservas e indica el resultado.
A4: 3 | B4: El usuario no para de preguntar a lo largo de las pruebas, se le recuerda que no se puede interactual con el, y que lea y haga lo que se le pida. El usuario tiene problemas para encontrar la información en las rutas, aunque sorprendentemente, encuentra rápido y bien la información de la tarea 2, mientras que en la tanda 1, se le dificulta. No se ve al usuario cómodo, no es capaz de contestar a ciertas preguntas del cuestionario y responde al azar, se detecta esto en rutas principalmente y en la tanda 3, la cual avandona quejandose de que no quiere iniciar sesión indicando sus datos personales, y que no le funciona. El usuario intenta iniciar sesión sin registrarse, accediendo a la paginas de recursos turisticos y al inicio de sesión, en ningun momento entrar en la vista de registro.
A5: 4 | B5: El usuario va realizando las tareas con algo de cansancio, pues la parte de las rutas le cuesta por el tema tener que bajar la pantalla en busca de la información. Igualmente, ese usuario está familiarizado con los procesos seguros, pues en la tarea 3, lo primero que hace, despues de fijarse un poco, es acceder al registro, y una vez registrado, realiza la reserva de la actividad
A6: 5 | B6: Este usuario no ha tenido problemas para nada, todo lo ha resuelto con rapidez, se atascó solamente en la primera pregunta del juego y luego a la hora de hacer las reservas, donde va directamente a ver los recursos, se le indica iniciar sesión, y cuando le sale la vista de registro, se asusta, vuelve atrás, y vuelve a entrar. Ve que está bien, realiza el registro y finaliza la reserva normal, solicitando primero el presupuesto.
A7: 6 | B7: Este usuario tiene TDAH, viendo que tuvo problemas para encontrar en la primera tarea la respuesta de la pregunta 4 de sacar el productor de la tabla. Al finalizar la prueba con todo aciertos menos en esa, se le indica que revise bien la página, se lo toma con algo más de calma, y saca la respues, aunque esto no se tuvo en cuenta para las mediciones o resultados. En la tarea 2, pasa varias veces por el mismo sitio, hasta que se da cuenta de que era eso, y se llama insulta por no fijarse, pues se veía facilmente bajo su punto de vista. En la ultima actividad, el usuario fue directo a iniciar sesión, le dió fallo y entonces va a registrarse. Cuando termina de registrarse, consulta recursos, y realiza la reserva despues de consultar el presupuesto.
A8: 7 | B8: Este usurio respondió sin problemas a las cuestiones de la primera y segunda actividad. En la ultima en cambio, tuvo problemas porque no se daba cuenta de que no podía reservar 3 plazas cuando el maximo disponible era de 2, por lo que no veía la alerta y se queda atascado.
A9: 8 | B9: Este usuario, al estar en opera, el navegador le dificultó identificar que las rutas se cogían a partir de un desplegable, pero una vez que detectó eso, poco a poco fue sacando las cosas. Se observa que es una persona tambien con TDHA, los resultados se obtienen de apoco, pero sin mucho problema en cuanto a buscar la información.
A10: 9 | B10: Este usuario ya hizo más test para la evaluación continua, el comentario de este usuario ha sido que le ha resultado más facil encotnrar toda la información y navegar por la web. En la primera vez que se le llamó, era la primera tanda del proyecto, por lo que es normal que este usuario note que esta web está mejor programada que la anterior, y que tiene un mayor sentido lógico. En la primer tarea no se obserbó ninguna anomalia, el usuario poco a poco saco todo sin problema, si que es verdad que en la actividad 2, el usuario se atascó a la hora de encontrar la ruta que se le indicaba en la tarea, pero una vez que se dió cuenta, dijo que no se había fijado pero que estaba facil de ver. En la ultima tarea, procedimientos limpios sin errores.
A11: 10 | B11: El usuario se desenvuelve bien con las actividades, procesos rápidos, claros. La unica observación es que se dio cuenta de un fallo en el que se puede intentar reservar una actividad con 0 plazas reservables.
A12: 11 | B12: El usuario realiza las tareas con calma, lee en voz alta lo que pasa por su cabeza. La primera tarea la realiza con calma paso a paso, pero en la parte de los hitos y de las rutas se lia, no sabe lo que es un hito realmente, aunque al final se da cuenta y responde. El fallo que tiene en el cuestionario es porque no sabía comparar la altura de los hitos de la ruta. En la ultima prueba, el usuario tarda porque quiere mirar las actividades que hay y quiere saber cual le gustaría mas, pero se maneja con agilidad por el sitio web.
A13: 12 | B13: Esta persona está nervisosa al principio, le cuesta arrancar a hacer las tareas del ejercicio 1, pero cuando coge confianza, realiza las tareas con velocidad, se acostumbra a la página. Por lo demás, no hay novedades, al igual que el usuario 11, se para a mirar las actividades que hay para reservar la actividad que más le gusta.
A14: 13
A15: 14
A16: 15
A17: 16
A18: 17
A19: 18
A20: 19
A21: 20
A22: 21
A23: 22
A24: 23
A25: 24
... A35: 34
